feature,importance_mean,model
spread_line,0.1957933,spread
homeTeamSpreadCoveredPct,0.117127545,spread
awayTeamWinPct,0.116876446,spread
homeTeamBlowoutPct,0.11669846,spread
homeTeamWinPct,0.11625822,spread
awayTeamBlowoutPct,0.115870096,spread
awayTeamSpreadCoveredPct,0.11266386,spread
homeTeamAvgPointDiff,0.10871208,spread
awayTeamGamesPlayed,0.1947057,moneyline
spread_line,0.13818216,moneyline
homeTeamOverHitPct,0.12560463,moneyline
homeTeamWinPct,0.117425665,moneyline
homeTeamSpreadCoveredPct,0.117061846,moneyline
awayTeamWinPct,0.10921806,moneyline
homeTeamAvgTotal,0.101734474,moneyline
homeTeamBlowoutPct,0.09606752,moneyline
total_line,0.24736986,totals
homeTeamOverHitPct,0.13173895,totals
homeTeamAvgPointSpread,0.13013007,totals
awayTeamAvgTotal,0.12753737,totals
over_odds,0.12571426,totals
awayTeamBlowoutPct,0.1206778,totals
home_spread_odds,0.11683178,totals
